﻿Designator,Quantity,Value,Footprint,Package,MPN,DNP,Mount_Type,Description
"C1, C3, C4",3,4.7n,C_Axial_L3.8mm_D2.6mm_P7.50mm_Horizontal,,,,tht,Unpolarized capacitor
"C10, C11, C12, C13, C14, C9",6,100n,C_Axial_L3.8mm_D2.6mm_P7.50mm_Horizontal,,,,tht,Unpolarized capacitor
C2,1,2.2n,C_Axial_L3.8mm_D2.6mm_P7.50mm_Horizontal,,,,tht,Unpolarized capacitor
"C5, C6, C7, C8",4,470p,C_Axial_L3.8mm_D2.6mm_P7.50mm_Horizontal,,,,tht,Unpolarized capacitor
J1,1,Screw_Terminal_01x03,"TerminalBlock_Phoenix_MPT-0,5-3-2.54_1x03_P2.54mm_Horizontal",,,,tht,"Generic screw terminal, single row, 01x03, script generated (kicad-library-utils/schlib/autogen/connector/)"
"J4, J5",2,AudioJack3_SwitchTR,Jack_3.5mm_CUI_SJ-3523-SMT_Horizontal,,,,smt,"Audio Jack, 3 Poles (Stereo / TRS), Switched TR Poles (Normalling)"
Q1,1,TIP41,TO-220-3_Vertical,,,,tht,"6A Ic, 40V Vce, Power NPN Transistor, TO-220"
Q2,1,TIP42,TO-220-3_Vertical,,,,tht,"-6A Ic, -40V Vce, Power PNP Transistor, TO-220"
"R1, R2",2,240k,R_Axial_DIN0204_L3.6mm_D1.6mm_P5.08mm_Horizontal,,,,tht,"Resistor, US symbol"
"R10, R11, R12, R9",4,10k,R_Axial_DIN0204_L3.6mm_D1.6mm_P5.08mm_Horizontal,,,,tht,"Resistor, US symbol"
R13,1,1k,R_Axial_DIN0204_L3.6mm_D1.6mm_P5.08mm_Horizontal,,,,tht,"Resistor, US symbol"
R14,1,R_US,R_Axial_DIN0204_L3.6mm_D1.6mm_P5.08mm_Horizontal,,,,tht,"Resistor, US symbol"
"R3, R8",2,100k,R_Axial_DIN0204_L3.6mm_D1.6mm_P5.08mm_Horizontal,,,,tht,"Resistor, US symbol"
R4,1,200k,R_Axial_DIN0204_L3.6mm_D1.6mm_P5.08mm_Horizontal,,,,tht,"Resistor, US symbol"
"R5, R6",2,82k,R_Axial_DIN0204_L3.6mm_D1.6mm_P5.08mm_Horizontal,,,,tht,"Resistor, US symbol"
R7,1,51k,R_Axial_DIN0204_L3.6mm_D1.6mm_P5.08mm_Horizontal,,,,tht,"Resistor, US symbol"
"RV1, RV2, RV3",3,20k,Potentiometer_Alps_RK163_Single_Horizontal,,,,tht,"Potentiometer, US symbol"
RV4,1,100k,Potentiometer_Alps_RK163_Single_Horizontal,,,,tht,"Potentiometer, US symbol"
U1,1,TL081,DIP-8_W7.62mm,,,,tht,"Single JFET-Input Operational Amplifiers, DIP-8/SOIC-8"
"U2, U3",2,TL084,DIP-14_W7.62mm,,,,tht,"Quad JFET-Input Operational Amplifiers, DIP-14/SOIC-14/SSOP-14"
