﻿pos_x,pos_y,rotation,side,designator,mpn,pack,footprint,value,mount_type
123.75,-108.0,180.0,top,C1,,,C_Axial_L3.8mm_D2.6mm_P7.50mm_Horizontal,4.7n,tht
106.25,-108.0,0.0,top,C10,,,C_Axial_L3.8mm_D2.6mm_P7.50mm_Horizontal,100n,tht
146.25,-108.0,0.0,top,C11,,,C_Axial_L3.8mm_D2.6mm_P7.50mm_Horizontal,100n,tht
146.25,-91.5,0.0,top,C12,,,C_Axial_L3.8mm_D2.6mm_P7.50mm_Horizontal,100n,tht
163.75,-91.5,180.0,top,C13,,,C_Axial_L3.8mm_D2.6mm_P7.50mm_Horizontal,100n,tht
173.75,-91.5,180.0,top,C14,,,C_Axial_L3.8mm_D2.6mm_P7.50mm_Horizontal,100n,tht
133.75,-108.0,180.0,top,C2,,,C_Axial_L3.8mm_D2.6mm_P7.50mm_Horizontal,2.2n,tht
136.25,-108.0,0.0,top,C3,,,C_Axial_L3.8mm_D2.6mm_P7.50mm_Horizontal,4.7n,tht
116.25,-91.5,0.0,top,C4,,,C_Axial_L3.8mm_D2.6mm_P7.50mm_Horizontal,4.7n,tht
126.25,-91.5,0.0,top,C5,,,C_Axial_L3.8mm_D2.6mm_P7.50mm_Horizontal,470p,tht
136.25,-91.5,0.0,top,C6,,,C_Axial_L3.8mm_D2.6mm_P7.50mm_Horizontal,470p,tht
163.75,-108.0,180.0,top,C7,,,C_Axial_L3.8mm_D2.6mm_P7.50mm_Horizontal,470p,tht
173.75,-108.0,180.0,top,C8,,,C_Axial_L3.8mm_D2.6mm_P7.50mm_Horizontal,470p,tht
106.25,-91.5,0.0,top,C9,,,C_Axial_L3.8mm_D2.6mm_P7.50mm_Horizontal,100n,tht
184.5,-89.5,180.0,top,J1,,,"TerminalBlock_Phoenix_MPT-0,5-3-2.54_1x03_P2.54mm_Horizontal",Screw_Terminal_01x03,tht
211.5,-106.05,-90.0,top,J4,,,Jack_3.5mm_CUI_SJ-3523-SMT_Horizontal,AudioJack3_SwitchTR,smt
211.5,-93.0,-90.0,top,J5,,,Jack_3.5mm_CUI_SJ-3523-SMT_Horizontal,AudioJack3_SwitchTR,smt
197.0,-90.0,180.0,top,Q1,,,TO-220-3_Vertical,TIP41,tht
191.92,-107.0,0.0,top,Q2,,,TO-220-3_Vertical,TIP42,tht
114.58,-101.845,90.0,top,R1,,,R_Axial_DIN0204_L3.6mm_D1.6mm_P5.08mm_Horizontal,240k,tht
190.58,-101.385,90.0,top,R10,,,R_Axial_DIN0204_L3.6mm_D1.6mm_P5.08mm_Horizontal,10k,tht
195.08,-101.385,90.0,top,R11,,,R_Axial_DIN0204_L3.6mm_D1.6mm_P5.08mm_Horizontal,10k,tht
199.58,-101.345,90.0,top,R12,,,R_Axial_DIN0204_L3.6mm_D1.6mm_P5.08mm_Horizontal,10k,tht
182.54,-108.0,180.0,top,R13,,,R_Axial_DIN0204_L3.6mm_D1.6mm_P5.08mm_Horizontal,1k,tht
186.5,-104.46,-90.0,top,R14,,,R_Axial_DIN0204_L3.6mm_D1.6mm_P5.08mm_Horizontal,R_US,tht
118.58,-101.805,90.0,top,R2,,,R_Axial_DIN0204_L3.6mm_D1.6mm_P5.08mm_Horizontal,240k,tht
122.58,-101.845,90.0,top,R3,,,R_Axial_DIN0204_L3.6mm_D1.6mm_P5.08mm_Horizontal,100k,tht
126.58,-101.805,90.0,top,R4,,,R_Axial_DIN0204_L3.6mm_D1.6mm_P5.08mm_Horizontal,200k,tht
150.5,-101.845,90.0,top,R5,,,R_Axial_DIN0204_L3.6mm_D1.6mm_P5.08mm_Horizontal,82k,tht
154.58,-101.885,90.0,top,R6,,,R_Axial_DIN0204_L3.6mm_D1.6mm_P5.08mm_Horizontal,82k,tht
158.58,-101.885,90.0,top,R7,,,R_Axial_DIN0204_L3.6mm_D1.6mm_P5.08mm_Horizontal,51k,tht
162.58,-101.885,90.0,top,R8,,,R_Axial_DIN0204_L3.6mm_D1.6mm_P5.08mm_Horizontal,100k,tht
186.58,-101.385,90.0,top,R9,,,R_Axial_DIN0204_L3.6mm_D1.6mm_P5.08mm_Horizontal,10k,tht
111.5,-118.5,90.0,top,RV1,,,Potentiometer_Alps_RK163_Single_Horizontal,20k,tht
135.5,-118.5,90.0,top,RV2,,,Potentiometer_Alps_RK163_Single_Horizontal,20k,tht
160.5,-118.5,90.0,top,RV3,,,Potentiometer_Alps_RK163_Single_Horizontal,20k,tht
185.0,-118.5,90.0,top,RV4,,,Potentiometer_Alps_RK163_Single_Horizontal,100k,tht
102.69,-103.305,90.0,top,U1,,,DIP-8_W7.62mm,TL081,tht
130.88,-102.805,90.0,top,U2,,,DIP-14_W7.62mm,TL084,tht
166.88,-102.925,90.0,top,U3,,,DIP-14_W7.62mm,TL084,tht
